<?xml version="1.0"?>
<opencv_storage>
<cascade>
  <stageType>BOOST</stageType>
  <featureType>HAAR</featureType>
  <height>20</height>
  <width>20</width>
  <stageParams>
    <boostType>GAB</boostType>
    <minHitRate>9.9500000476837158e-01</minHitRate>
    <maxFalseAlarm>5.0000000000000000e-01</maxFalseAlarm>
    <weightTrimRate>9.4999999999999996e-01</weightTrimRate>
    <maxDepth>1</maxDepth>
    <maxWeakCount>100</maxWeakCount></stageParams>
  <featureParams>
    <maxCatCount>0</maxCatCount>
    <featSize>1</featSize>
    <mode>BASIC</mode></featureParams>
  <stageNum>9</stageNum>
  <stages>
    <!-- stage 0 -->
    <_>
      <maxWeakCount>3</maxWeakCount>
      <stageThreshold>-2.6434966921806335e-01</stageThreshold>
      <weakClassifiers>
        <_>
          <internalNodes>
            0 -1 5 -2.9088589362800121e-03</internalNodes>
          <leafValues>
            6.2250453233718872e-01 -9.6984922885894775e-01</leafValues></_>
        <_>
          <internalNodes>
            0 -1 30 -1.1403956159483641e-04</internalNodes>
          <leafValues>
            3.3916404843330383e-01 -9.8724633455276489e-01</leafValues></_>
        <_>
          <internalNodes>
            0 -1 29 -9.9871074780821800e-04</internalNodes>
          <leafValues>
            -9.5730578899383545e-01 3.6633554100990295e-01</leafValues></_></weakClassifiers></_>
    <!-- stage 1 -->
    <_>
      <maxWeakCount>5</maxWeakCount>
      <stageThreshold>-9.4559174776077271e-01</stageThreshold>
      <weakClassifiers>
        <_>
          <internalNodes>
            0 -1 31 -3.0635722214356065e-04</internalNodes>
          <leafValues>
            5.2335637807846069e-01 -8.8662791252136230e-01</leafValues></_>
        <_>
          <internalNodes>
            0 -1 31 -2.1772417239844799e-03</internalNodes>
          <leafValues>
            -9.1424095630645752e-01 3.3757111430168152e-01</leafValues></_>
        <_>
          <internalNodes>
            0 -1 23 -6.1894068494439125e-04</internalNodes>
          <leafValues>
            2.1196943521499634e-01 -9.8483943939208984e-01</leafValues></_>
        <_>
          <internalNodes>
            0 -1 16 -1.0466584935784340e-02</internalNodes>
          <leafValues>
            -9.2720705270767212e-01 3.5342332720756531e-01</leafValues></_>
        <_>
          <internalNodes>
            0 -1 19 -7.4263673741370440e-04</internalNodes>
          <leafValues>
            -9.5600867271423340e-01 1.6053038835525513e-01</leafValues></_></weakClassifiers></_>
    <!-- stage 2 -->
    <_>
      <maxWeakCount>4</maxWeakCount>
      <stageThreshold>-6.1288952827453613e-01</stageThreshold>
      <weakClassifiers>
        <_>
          <internalNodes>
            0 -1 26 -3.8334954297170043e-04</internalNodes>
          <leafValues>
            -9.6779966354370117e-01 4.6743136644363403e-01</leafValues></_>
        <_>
          <internalNodes>
            0 -1 26 6.6827854607254267e-04</internalNodes>
          <leafValues>
            3.1453034281730652e-01 -9.5883083343505859e-01</leafValues></_>
        <_>
          <internalNodes>
            0 -1 8 1.6359880566596985e-02</internalNodes>
          <leafValues>
            -4.1988927125930786e-01 7.1521145105361938e-01</leafValues></_>
        <_>
          <internalNodes>
            0 -1 37 -2.1761265816166997e-04</internalNodes>
          <leafValues>
            -9.3439823389053345e-01 2.9839920997619629e-01</leafValues></_></weakClassifiers></_>
    <!-- stage 3 -->
    <_>
      <maxWeakCount>5</maxWeakCount>
      <stageThreshold>-4.8057112097740173e-01</stageThreshold>
      <weakClassifiers>
        <_>
          <internalNodes>
            0 -1 27 7.7612954191863537e-04</internalNodes>
          <leafValues>
            5.1862955093383789e-01 -9.1879701614379883e-01</leafValues></_>
        <_>
          <internalNodes>
            0 -1 13 -1.0356402490288019e-03</internalNodes>
          <leafValues>
            2.6309990882873535e-01 -9.6174567937850952e-01</leafValues></_>
        <_>
          <internalNodes>
            0 -1 17 -1.4929767930880189e-03</internalNodes>
          <leafValues>
            -9.8166912794113159e-01 2.2702850401401520e-01</leafValues></_>
        <_>
          <internalNodes>
            0 -1 9 2.9724936932325363e-02</internalNodes>
          <leafValues>
            -4.1069808602333069e-01 7.3306226730346680e-01</leafValues></_>
        <_>
          <internalNodes>
            0 -1 14 1.4247914077714086e-04</internalNodes>
          <leafValues>
            3.5879552364349365e-01 -7.9028320312500000e-01</leafValues></_></weakClassifiers></_>
    <!-- stage 4 -->
    <_>
      <maxWeakCount>4</maxWeakCount>
      <stageThreshold>-6.0714900493621826e-01</stageThreshold>
      <weakClassifiers>
        <_>
          <internalNodes>
            0 -1 25 -6.9269968662410975e-04</internalNodes>
          <leafValues>
            4.7668179869651794e-01 -9.6187174320220947e-01</leafValues></_>
        <_>
          <internalNodes>
            0 -1 6 -7.0349220186471939e-03</internalNodes>
          <leafValues>
            -9.3658149242401123e-01 2.7921831607818604e-01</leafValues></_>
        <_>
          <internalNodes>
            0 -1 18 1.2198619544506073e-02</internalNodes>
          <leafValues>
            -4.0040624141693115e-01 5.6900829076766968e-01</leafValues></_>
        <_>
          <internalNodes>
            0 -1 28 -6.2180391978472471e-05</internalNodes>
          <leafValues>
            2.5315696001052856e-01 -9.2851376533508301e-01</leafValues></_></weakClassifiers></_>
    <!-- stage 5 -->
    <_>
      <maxWeakCount>5</maxWeakCount>
      <stageThreshold>-6.8094426393508911e-01</stageThreshold>
      <weakClassifiers>
        <_>
          <internalNodes>
            0 -1 24 -1.6845716163516045e-03</internalNodes>
          <leafValues>
            -8.7364619970321655e-01 4.4317251443862915e-01</leafValues></_>
        <_>
          <internalNodes>
            0 -1 3 2.3728217929601669e-03</internalNodes>
          <leafValues>
            -4.2939037084579468e-01 5.8462321758270264e-01</leafValues></_>
        <_>
          <internalNodes>
            0 -1 20 -8.4094551857560873e-04</internalNodes>
          <leafValues>
            -8.6606740951538086e-01 3.1040969491004944e-01</leafValues></_>
        <_>
          <internalNodes>
            0 -1 35 2.0551278430502862e-04</internalNodes>
          <leafValues>
            2.0228452980518341e-01 -9.3408864736557007e-01</leafValues></_>
        <_>
          <internalNodes>
            0 -1 35 -1.6839589807204902e-04</internalNodes>
          <leafValues>
            -9.1949665546417236e-01 2.3175770044326782e-01</leafValues></_></weakClassifiers></_>
    <!-- stage 6 -->
    <_>
      <maxWeakCount>5</maxWeakCount>
      <stageThreshold>-5.8222353458404541e-01</stageThreshold>
      <weakClassifiers>
        <_>
          <internalNodes>
            0 -1 10 -2.2040649128030054e-05</internalNodes>
          <leafValues>
            4.4698545336723328e-01 -7.9831933975219727e-01</leafValues></_>
        <_>
          <internalNodes>
            0 -1 11 2.9942218679934740e-04</internalNodes>
          <leafValues>
            2.4307377636432648e-01 -8.7543475627899170e-01</leafValues></_>
        <_>
          <internalNodes>
            0 -1 12 -7.4166216654703021e-04</internalNodes>
          <leafValues>
            -8.8440680503845215e-01 2.4362212419509888e-01</leafValues></_>
        <_>
          <internalNodes>
            0 -1 2 2.5689298287034035e-02</internalNodes>
          <leafValues>
            -4.4641107320785522e-01 4.6535974740982056e-01</leafValues></_>
        <_>
          <internalNodes>
            0 -1 24 -2.7784385019913316e-04</internalNodes>
          <leafValues>
            1.7581097781658173e-01 -9.5556801557540894e-01</leafValues></_></weakClassifiers></_>
    <!-- stage 7 -->
    <_>
      <maxWeakCount>6</maxWeakCount>
      <stageThreshold>-9.8481750488281250e-01</stageThreshold>
      <weakClassifiers>
        <_>
          <internalNodes>
            0 -1 1 2.5001903995871544e-03</internalNodes>
          <leafValues>
            -3.4341907501220703e-01 6.2812870740890503e-01</leafValues></_>
        <_>
          <internalNodes>
            0 -1 22 -6.4202229259535670e-04</internalNodes>
          <leafValues>
            -9.4013589620590210e-01 2.6415982842445374e-01</leafValues></_>
        <_>
          <internalNodes>
            0 -1 33 -1.1949289182666689e-04</internalNodes>
          <leafValues>
            -8.1777954101562500e-01 2.1962326765060425e-01</leafValues></_>
        <_>
          <internalNodes>
            0 -1 3 1.7626917688176036e-03</internalNodes>
          <leafValues>
            -4.4153213500976563e-01 4.2411264777183533e-01</leafValues></_>
        <_>
          <internalNodes>
            0 -1 21 -2.5031873956322670e-03</internalNodes>
          <leafValues>
            -8.9462834596633911e-01 1.9199383258819580e-01</leafValues></_>
        <_>
          <internalNodes>
            0 -1 21 1.2859056005254388e-04</internalNodes>
          <leafValues>
            1.6175957024097443e-01 -8.8038164377212524e-01</leafValues></_></weakClassifiers></_>
    <!-- stage 8 -->
    <_>
      <maxWeakCount>8</maxWeakCount>
      <stageThreshold>-8.9674735069274902e-01</stageThreshold>
      <weakClassifiers>
        <_>
          <internalNodes>
            0 -1 15 -2.2510916460305452e-04</internalNodes>
          <leafValues>
            -8.7243735790252686e-01 3.8383445143699646e-01</leafValues></_>
        <_>
          <internalNodes>
            0 -1 4 4.1369181126356125e-03</internalNodes>
          <leafValues>
            -3.8983386754989624e-01 5.4198712110519409e-01</leafValues></_>
        <_>
          <internalNodes>
            0 -1 32 2.5084865046665072e-04</internalNodes>
          <leafValues>
            3.2922857999801636e-01 -6.7894226312637329e-01</leafValues></_>
        <_>
          <internalNodes>
            0 -1 0 -2.9092672467231750e-01</internalNodes>
          <leafValues>
            -7.4853867292404175e-01 1.7193098366260529e-01</leafValues></_>
        <_>
          <internalNodes>
            0 -1 7 -1.3126895064488053e-03</internalNodes>
          <leafValues>
            2.2385567426681519e-01 -7.2217726707458496e-01</leafValues></_>
        <_>
          <internalNodes>
            0 -1 36 -5.1716789603233337e-02</internalNodes>
          <leafValues>
            6.9698721170425415e-01 -2.9072847962379456e-01</leafValues></_>
        <_>
          <internalNodes>
            0 -1 38 4.8012172919698060e-04</internalNodes>
          <leafValues>
            -3.7610247731208801e-01 5.9132182598114014e-01</leafValues></_>
        <_>
          <internalNodes>
            0 -1 34 -3.4843971661757678e-05</internalNodes>
          <leafValues>
            2.1870212256908417e-01 -7.8228771686553955e-01</leafValues></_></weakClassifiers></_></stages>
  <features>
    <_>
      <rects>
        <_>
          2 1 18 19 -1.</_>
        <_>
          11 1 9 19 2.</_></rects>
      <tilted>0</tilted></_>
    <_>
      <rects>
        <_>
          4 3 10 2 -1.</_>
        <_>
          9 3 5 2 2.</_></rects>
      <tilted>0</tilted></_>
    <_>
      <rects>
        <_>
          5 2 15 4 -1.</_>
        <_>
          10 2 5 4 3.</_></rects>
      <tilted>0</tilted></_>
    <_>
      <rects>
        <_>
          6 9 3 2 -1.</_>
        <_>
          7 9 1 2 3.</_></rects>
      <tilted>0</tilted></_>
    <_>
      <rects>
        <_>
          8 3 4 3 -1.</_>
        <_>
          8 4 4 1 3.</_></rects>
      <tilted>0</tilted></_>
    <_>
      <rects>
        <_>
          8 8 6 3 -1.</_>
        <_>
          11 8 3 3 2.</_></rects>
      <tilted>0</tilted></_>
    <_>
      <rects>
        <_>
          8 10 8 1 -1.</_>
        <_>
          12 10 4 1 2.</_></rects>
      <tilted>0</tilted></_>
    <_>
      <rects>
        <_>
          8 11 6 1 -1.</_>
        <_>
          11 11 3 1 2.</_></rects>
      <tilted>0</tilted></_>
    <_>
      <rects>
        <_>
          9 1 4 4 -1.</_>
        <_>
          9 3 4 2 2.</_></rects>
      <tilted>0</tilted></_>
    <_>
      <rects>
        <_>
          9 1 5 6 -1.</_>
        <_>
          9 3 5 2 3.</_></rects>
      <tilted>0</tilted></_>
    <_>
      <rects>
        <_>
          9 8 6 5 -1.</_>
        <_>
          11 8 2 5 3.</_></rects>
      <tilted>0</tilted></_>
    <_>
      <rects>
        <_>
          9 9 2 2 -1.</_>
        <_>
          9 10 2 1 2.</_></rects>
      <tilted>0</tilted></_>
    <_>
      <rects>
        <_>
          9 9 7 2 -1.</_>
        <_>
          9 10 7 1 2.</_></rects>
      <tilted>0</tilted></_>
    <_>
      <rects>
        <_>
          9 10 4 2 -1.</_>
        <_>
          11 10 2 2 2.</_></rects>
      <tilted>0</tilted></_>
    <_>
      <rects>
        <_>
          9 10 6 3 -1.</_>
        <_>
          11 10 2 3 3.</_></rects>
      <tilted>0</tilted></_>
    <_>
      <rects>
        <_>
          9 10 6 2 -1.</_>
        <_>
          9 10 3 1 2.</_>
        <_>
          12 11 3 1 2.</_></rects>
      <tilted>0</tilted></_>
    <_>
      <rects>
        <_>
          9 10 6 3 -1.</_>
        <_>
          12 10 3 3 2.</_></rects>
      <tilted>0</tilted></_>
    <_>
      <rects>
        <_>
          9 11 6 1 -1.</_>
        <_>
          11 11 2 1 3.</_></rects>
      <tilted>0</tilted></_>
    <_>
      <rects>
        <_>
          10 1 2 6 -1.</_>
        <_>
          10 3 2 2 3.</_></rects>
      <tilted>0</tilted></_>
    <_>
      <rects>
        <_>
          10 7 2 6 -1.</_>
        <_>
          10 9 2 2 3.</_></rects>
      <tilted>0</tilted></_>
    <_>
      <rects>
        <_>
          10 7 3 6 -1.</_>
        <_>
          10 9 3 2 3.</_></rects>
      <tilted>0</tilted></_>
    <_>
      <rects>
        <_>
          10 10 6 2 -1.</_>
        <_>
          12 10 2 2 3.</_></rects>
      <tilted>0</tilted></_>
    <_>
      <rects>
        <_>
          10 10 5 3 -1.</_>
        <_>
          10 11 5 1 3.</_></rects>
      <tilted>0</tilted></_>
    <_>
      <rects>
        <_>
          10 11 4 2 -1.</_>
        <_>
          12 11 2 2 2.</_></rects>
      <tilted>0</tilted></_>
    <_>
      <rects>
        <_>
          10 13 4 1 -1.</_>
        <_>
          12 13 2 1 2.</_></rects>
      <tilted>0</tilted></_>
    <_>
      <rects>
        <_>
          11 10 4 3 -1.</_>
        <_>
          13 10 2 3 2.</_></rects>
      <tilted>0</tilted></_>
    <_>
      <rects>
        <_>
          11 11 3 2 -1.</_>
        <_>
          11 12 3 1 2.</_></rects>
      <tilted>0</tilted></_>
    <_>
      <rects>
        <_>
          11 11 4 2 -1.</_>
        <_>
          11 12 4 1 2.</_></rects>
      <tilted>0</tilted></_>
    <_>
      <rects>
        <_>
          11 13 2 2 -1.</_>
        <_>
          12 13 1 2 2.</_></rects>
      <tilted>0</tilted></_>
    <_>
      <rects>
        <_>
          12 10 2 3 -1.</_>
        <_>
          13 10 1 3 2.</_></rects>
      <tilted>0</tilted></_>
    <_>
      <rects>
        <_>
          12 10 2 4 -1.</_>
        <_>
          13 10 1 4 2.</_></rects>
      <tilted>0</tilted></_>
    <_>
      <rects>
        <_>
          12 10 4 2 -1.</_>
        <_>
          14 10 2 2 2.</_></rects>
      <tilted>0</tilted></_>
    <_>
      <rects>
        <_>
          12 10 3 3 -1.</_>
        <_>
          12 11 3 1 3.</_></rects>
      <tilted>0</tilted></_>
    <_>
      <rects>
        <_>
          12 12 1 3 -1.</_>
        <_>
          12 13 1 1 3.</_></rects>
      <tilted>0</tilted></_>
    <_>
      <rects>
        <_>
          13 11 2 2 -1.</_>
        <_>
          14 11 1 2 2.</_></rects>
      <tilted>0</tilted></_>
    <_>
      <rects>
        <_>
          13 12 1 2 -1.</_>
        <_>
          13 13 1 1 2.</_></rects>
      <tilted>0</tilted></_>
    <_>
      <rects>
        <_>
          14 6 6 8 -1.</_>
        <_>
          17 6 3 8 2.</_></rects>
      <tilted>0</tilted></_>
    <_>
      <rects>
        <_>
          14 9 1 4 -1.</_>
        <_>
          14 11 1 2 2.</_></rects>
      <tilted>0</tilted></_>
    <_>
      <rects>
        <_>
          16 10 2 1 -1.</_>
        <_>
          17 10 1 1 2.</_></rects>
      <tilted>0</tilted></_></features></cascade>
</opencv_storage>
