<?xml version="1.0"?>
<opencv_storage>
<stage1>
  <maxWeakCount>5</maxWeakCount>
  <stageThreshold>-9.4559174776077271e-01</stageThreshold>
  <weakClassifiers>
    <_>
      <internalNodes>
        0 -1 67994 -3.0635722214356065e-04</internalNodes>
      <leafValues>
        5.2335637807846069e-01 -8.8662791252136230e-01</leafValues></_>
    <_>
      <internalNodes>
        0 -1 67994 -2.1772417239844799e-03</internalNodes>
      <leafValues>
        -9.1424095630645752e-01 3.3757111430168152e-01</leafValues></_>
    <_>
      <internalNodes>
        0 -1 61659 -6.1894068494439125e-04</internalNodes>
      <leafValues>
        2.1196943521499634e-01 -9.8483943939208984e-01</leafValues></_>
    <_>
      <internalNodes>
        0 -1 57666 -1.0466584935784340e-02</internalNodes>
      <leafValues>
        -9.2720705270767212e-01 3.5342332720756531e-01</leafValues></_>
    <_>
      <internalNodes>
        0 -1 60837 -7.4263673741370440e-04</internalNodes>
      <leafValues>
        -9.5600867271423340e-01 1.6053038835525513e-01</leafValues></_></weakClassifiers></stage1>
</opencv_storage>
