<?xml version="1.0"?>
<opencv_storage>
<stage0>
  <maxWeakCount>3</maxWeakCount>
  <stageThreshold>-2.6434966921806335e-01</stageThreshold>
  <weakClassifiers>
    <_>
      <internalNodes>
        0 -1 53020 -2.9088589362800121e-03</internalNodes>
      <leafValues>
        6.2250453233718872e-01 -9.6984922885894775e-01</leafValues></_>
    <_>
      <internalNodes>
        0 -1 67971 -1.1403956159483641e-04</internalNodes>
      <leafValues>
        3.3916404843330383e-01 -9.8724633455276489e-01</leafValues></_>
    <_>
      <internalNodes>
        0 -1 67966 -9.9871074780821800e-04</internalNodes>
      <leafValues>
        -9.5730578899383545e-01 3.6633554100990295e-01</leafValues></_></weakClassifiers></stage0>
</opencv_storage>
