<?xml version="1.0"?>
<opencv_storage>
<stage8>
  <maxWeakCount>8</maxWeakCount>
  <stageThreshold>-8.9674735069274902e-01</stageThreshold>
  <weakClassifiers>
    <_>
      <internalNodes>
        0 -1 57660 -2.2510916460305452e-04</internalNodes>
      <leafValues>
        -8.7243735790252686e-01 3.8383445143699646e-01</leafValues></_>
    <_>
      <internalNodes>
        0 -1 51424 4.1369181126356125e-03</internalNodes>
      <leafValues>
        -3.8983386754989624e-01 5.4198712110519409e-01</leafValues></_>
    <_>
      <internalNodes>
        0 -1 68024 2.5084865046665072e-04</internalNodes>
      <leafValues>
        3.2922857999801636e-01 -6.7894226312637329e-01</leafValues></_>
    <_>
      <internalNodes>
        0 -1 15945 -2.9092672467231750e-01</internalNodes>
      <leafValues>
        -7.4853867292404175e-01 1.7193098366260529e-01</leafValues></_>
    <_>
      <internalNodes>
        0 -1 53726 -1.3126895064488053e-03</internalNodes>
      <leafValues>
        2.2385567426681519e-01 -7.2217726707458496e-01</leafValues></_>
    <_>
      <internalNodes>
        0 -1 72496 -5.1716789603233337e-02</internalNodes>
      <leafValues>
        6.9698721170425415e-01 -2.9072847962379456e-01</leafValues></_>
    <_>
      <internalNodes>
        0 -1 76277 4.8012172919698060e-04</internalNodes>
      <leafValues>
        -3.7610247731208801e-01 5.9132182598114014e-01</leafValues></_>
    <_>
      <internalNodes>
        0 -1 70693 -3.4843971661757678e-05</internalNodes>
      <leafValues>
        2.1870212256908417e-01 -7.8228771686553955e-01</leafValues></_></weakClassifiers></stage8>
</opencv_storage>
