<?xml version="1.0"?>
<opencv_storage>
<stage7>
  <maxWeakCount>6</maxWeakCount>
  <stageThreshold>-9.8481750488281250e-01</stageThreshold>
  <weakClassifiers>
    <_>
      <internalNodes>
        0 -1 29978 2.5001903995871544e-03</internalNodes>
      <leafValues>
        -3.4341907501220703e-01 6.2812870740890503e-01</leafValues></_>
    <_>
      <internalNodes>
        0 -1 61564 -6.4202229259535670e-04</internalNodes>
      <leafValues>
        -9.4013589620590210e-01 2.6415982842445374e-01</leafValues></_>
    <_>
      <internalNodes>
        0 -1 68229 -1.1949289182666689e-04</internalNodes>
      <leafValues>
        -8.1777954101562500e-01 2.1962326765060425e-01</leafValues></_>
    <_>
      <internalNodes>
        0 -1 43546 1.7626917688176036e-03</internalNodes>
      <leafValues>
        -4.4153213500976563e-01 4.2411264777183533e-01</leafValues></_>
    <_>
      <internalNodes>
        0 -1 61480 -2.5031873956322670e-03</internalNodes>
      <leafValues>
        -8.9462834596633911e-01 1.9199383258819580e-01</leafValues></_>
    <_>
      <internalNodes>
        0 -1 61480 1.2859056005254388e-04</internalNodes>
      <leafValues>
        1.6175957024097443e-01 -8.8038164377212524e-01</leafValues></_></weakClassifiers></stage7>
</opencv_storage>
