<?xml version="1.0"?>
<opencv_storage>
<stage2>
  <maxWeakCount>4</maxWeakCount>
  <stageThreshold>-6.1288952827453613e-01</stageThreshold>
  <weakClassifiers>
    <_>
      <internalNodes>
        0 -1 65118 -3.8334954297170043e-04</internalNodes>
      <leafValues>
        -9.6779966354370117e-01 4.6743136644363403e-01</leafValues></_>
    <_>
      <internalNodes>
        0 -1 65118 6.6827854607254267e-04</internalNodes>
      <leafValues>
        3.1453034281730652e-01 -9.5883083343505859e-01</leafValues></_>
    <_>
      <internalNodes>
        0 -1 55199 1.6359880566596985e-02</internalNodes>
      <leafValues>
        -4.1988927125930786e-01 7.1521145105361938e-01</leafValues></_>
    <_>
      <internalNodes>
        0 -1 72823 -2.1761265816166997e-04</internalNodes>
      <leafValues>
        -9.3439823389053345e-01 2.9839920997619629e-01</leafValues></_></weakClassifiers></stage2>
</opencv_storage>
