<?xml version="1.0"?>
<opencv_storage>
<stage5>
  <maxWeakCount>5</maxWeakCount>
  <stageThreshold>-6.8094426393508911e-01</stageThreshold>
  <weakClassifiers>
    <_>
      <internalNodes>
        0 -1 61953 -1.6845716163516045e-03</internalNodes>
      <leafValues>
        -8.7364619970321655e-01 4.4317251443862915e-01</leafValues></_>
    <_>
      <internalNodes>
        0 -1 43546 2.3728217929601669e-03</internalNodes>
      <leafValues>
        -4.2939037084579468e-01 5.8462321758270264e-01</leafValues></_>
    <_>
      <internalNodes>
        0 -1 60879 -8.4094551857560873e-04</internalNodes>
      <leafValues>
        -8.6606740951538086e-01 3.1040969491004944e-01</leafValues></_>
    <_>
      <internalNodes>
        0 -1 70795 2.0551278430502862e-04</internalNodes>
      <leafValues>
        2.0228452980518341e-01 -9.3408864736557007e-01</leafValues></_>
    <_>
      <internalNodes>
        0 -1 70795 -1.6839589807204902e-04</internalNodes>
      <leafValues>
        -9.1949665546417236e-01 2.3175770044326782e-01</leafValues></_></weakClassifiers></stage5>
</opencv_storage>
