<?xml version="1.0"?>
<opencv_storage>
<stage4>
  <maxWeakCount>4</maxWeakCount>
  <stageThreshold>-6.0714900493621826e-01</stageThreshold>
  <weakClassifiers>
    <_>
      <internalNodes>
        0 -1 64940 -6.9269968662410975e-04</internalNodes>
      <leafValues>
        4.7668179869651794e-01 -9.6187174320220947e-01</leafValues></_>
    <_>
      <internalNodes>
        0 -1 53541 -7.0349220186471939e-03</internalNodes>
      <leafValues>
        -9.3658149242401123e-01 2.7921831607818604e-01</leafValues></_>
    <_>
      <internalNodes>
        0 -1 59035 1.2198619544506073e-02</internalNodes>
      <leafValues>
        -4.0040624141693115e-01 5.6900829076766968e-01</leafValues></_>
    <_>
      <internalNodes>
        0 -1 65332 -6.2180391978472471e-05</internalNodes>
      <leafValues>
        2.5315696001052856e-01 -9.2851376533508301e-01</leafValues></_></weakClassifiers></stage4>
</opencv_storage>
