<?xml version="1.0"?>
<opencv_storage>
<stage6>
  <maxWeakCount>5</maxWeakCount>
  <stageThreshold>-5.8222353458404541e-01</stageThreshold>
  <weakClassifiers>
    <_>
      <internalNodes>
        0 -1 57215 -2.2040649128030054e-05</internalNodes>
      <leafValues>
        4.4698545336723328e-01 -7.9831933975219727e-01</leafValues></_>
    <_>
      <internalNodes>
        0 -1 57425 2.9942218679934740e-04</internalNodes>
      <leafValues>
        2.4307377636432648e-01 -8.7543475627899170e-01</leafValues></_>
    <_>
      <internalNodes>
        0 -1 57550 -7.4166216654703021e-04</internalNodes>
      <leafValues>
        -8.8440680503845215e-01 2.4362212419509888e-01</leafValues></_>
    <_>
      <internalNodes>
        0 -1 35513 2.5689298287034035e-02</internalNodes>
      <leafValues>
        -4.4641107320785522e-01 4.6535974740982056e-01</leafValues></_>
    <_>
      <internalNodes>
        0 -1 61953 -2.7784385019913316e-04</internalNodes>
      <leafValues>
        1.7581097781658173e-01 -9.5556801557540894e-01</leafValues></_></weakClassifiers></stage6>
</opencv_storage>
