<?xml version="1.0"?>
<opencv_storage>
<stage3>
  <maxWeakCount>5</maxWeakCount>
  <stageThreshold>-4.8057112097740173e-01</stageThreshold>
  <weakClassifiers>
    <_>
      <internalNodes>
        0 -1 65147 7.7612954191863537e-04</internalNodes>
      <leafValues>
        5.1862955093383789e-01 -9.1879701614379883e-01</leafValues></_>
    <_>
      <internalNodes>
        0 -1 57628 -1.0356402490288019e-03</internalNodes>
      <leafValues>
        2.6309990882873535e-01 -9.6174567937850952e-01</leafValues></_>
    <_>
      <internalNodes>
        0 -1 57814 -1.4929767930880189e-03</internalNodes>
      <leafValues>
        -9.8166912794113159e-01 2.2702850401401520e-01</leafValues></_>
    <_>
      <internalNodes>
        0 -1 55243 2.9724936932325363e-02</internalNodes>
      <leafValues>
        -4.1069808602333069e-01 7.3306226730346680e-01</leafValues></_>
    <_>
      <internalNodes>
        0 -1 57635 1.4247914077714086e-04</internalNodes>
      <leafValues>
        3.5879552364349365e-01 -7.9028320312500000e-01</leafValues></_></weakClassifiers></stage3>
</opencv_storage>
